area_code,year,observed_all_industry_sales,observed_all_industry_transactions,observed_industries,area_name,group,sales_2022,sales_index_2022_100
3110085,2025,27529767865,1009012,16,경리단길남측,independent_neighbors_equal_weight,27373631970,100.57038793818487
3110087,2025,3063846498,180610,7,이태원엔틱가구거리,independent_neighbors_equal_weight,2850832296,107.47200045049581
3110093,2025,28178244083,657239,18,우사단길,independent_neighbors_equal_weight,29988353897,93.96395740754187
3110095,2025,33196425518,599416,15,한강진역 3번,independent_neighbors_equal_weight,25912062884,128.11185920090483
3120046,2025,336582439627,12058848,36,이태원(이태원역),independent_neighbors_equal_weight,372925127079,90.25469596627603
3110091,2025,6367449270,150840,6,리움미술관,leeum,8698177495,73.20440717219464
