scope,industry_codes,sales_2021,sales_2025,stores_2021,stores_2025,transactions_2021,transactions_2025,log_sales_change,log_store_count_contribution,log_transactions_per_store_contribution,log_sales_per_transaction_contribution,decomposition_residual
target_common_industries,"CS100001,CS100007,CS100008",1235506014.0,337060671.0,44.25,21.0,57224.0,18839.0,-1.2989729462923505,-0.7453329337305155,-0.36571126789232977,-0.1879287446695052,0.0
seoul_same_industries,"CS100001,CS100007,CS100008",11836233200555.0,16490084013762.0,49968.75,61576.0,456817746.0,483426127.0,0.3315937943964669,0.20887437419778854,-0.15226036508045235,0.27497978527913064,5.551115123125783e-17
matched_controls_same_industries,"CS100001,CS100007,CS100008",13043517818.0,22555112601.0,195.0,211.75,471560.0,624206.0,0.547670471697636,0.08240677496841689,0.19802731970188633,0.26723637702733277,1.1102230246251565e-16
target_한식음식점,CS100001,1058166406.0,252811337.0,35.0,15.0,44782.0,11330.0,-1.4316493766093477,-0.8472978603872037,-0.5270543375420281,-0.05729717868011584,-2.220446049250313e-16
target_분식전문점,CS100008,139524095.0,47472435.0,6.0,3.0,11279.0,6546.0,-1.07808808355794,-0.6931471805599453,0.14905876698115433,-0.533999669979149,-2.220446049250313e-16
target_치킨전문점,CS100007,37815513.0,36776899.0,3.25,3.0,1163.0,963.0,-0.027849511765642675,-0.08004270767353637,-0.10866203304700255,0.1608552289548961,1.457167719820518e-16
