year,total_floating_population,change_2022_2025
2022,200030.5,0.0
2023,214204.25,0.0708579441635151
2024,235603.0,0.17783538010453404
2025,244494.0,0.22228360175073303
